date,quarter,mesghal,usd
2022-05-30,54500000,61860000,310030
2022-05-31,55500000,62660000,315180
2022-06-01,56000000,61930000,312934
2022-06-06,55000000,62590000,317910
2022-06-07,55200000,62650000,317030
2022-06-08,55230000,64400000,321300
2022-06-11,63000000,65400000,329400
2022-06-12,60500000,63760000,326640
2022-06-13,58800000,62520000,321360
2022-06-14,57200000,61880000,315680
2022-06-15,56500000,61280000,317768
2022-06-18,55000000,61880000,316800
2022-06-19,54800000,62000000,317100
2022-06-20,54500000,62360000,316850
2022-06-21,55000000,62570000,319780
2022-06-22,54860000,62600000,317277
2022-06-25,52500000,60360000,313420
2022-06-26,50000000,58680000,305120
2022-06-27,49500000,58840000,307260
2022-06-28,49800000,59950000,311750
2022-06-29,54000000,62180000,321439
2022-07-02,53500000,61660000,321890
2022-07-03,52580000,61630000,318200
2022-07-04,52500000,59090000,314150
2022-07-05,52500000,59410000,315330
2022-07-06,52200000,59850000,314038
2022-07-11,52500000,59820000,316080
2022-07-12,52430000,60640000,316030
2022-07-13,52500000,59820000,322036
2022-07-16,52200000,59170000,318885
2022-07-19,51500000,58460000,318000
2022-07-20,51000000,58530000,318830
2022-07-23,52500000,58370000,320470
2022-07-24,51500000,58290000,318480
2022-07-25,52200000,58700000,319630
2022-07-26,52300000,58570000,320050
2022-07-27,52200000,59060000,319239
2022-07-30,52300000,59250000,317760
2022-07-31,52000000,58840000,317030
2022-08-01,52000000,59170000,316490
2022-08-02,51800000,58690000,311750
2022-08-03,51900000,59480000,315154
2022-08-09,51800000,59050000,311580
2022-08-10,51500000,59450000,310026
2022-08-13,49500000,57520000,303110
2022-08-14,48000000,56380000,302030
2022-08-15,49000000,56420000,302380
2022-08-16,47500000,55590000,297730
2022-08-17,47650000,55230000,289976
2022-08-20,45500000,53480000,290510
2022-08-21,48000000,53470000,293440
2022-08-22,48000000,54190000,293350
2022-08-23,47500000,54140000,290870
2022-08-24,49000000,55640000,297751
2022-08-27,50000000,54390000,295740
2022-08-28,50000000,54800000,297120
2022-08-29,49500000,54820000,298580
2022-08-30,50000000,54930000,299530
2022-08-31,49500000,54430000,299030
2022-09-01,49500000,54430000,298470
2022-09-03,50000000,55600000,302640
2022-09-04,50200000,55330000,302260
2022-09-05,50300000,55290000,302420
2022-09-06,50000000,55300000,302150
2022-09-07,49800000,55580000,302380
2022-09-08,49800000,55580000,302410
2022-09-10,50300000,56840000,309100
2022-09-11,52500000,57390000,309760
2022-09-12,53000000,57940000,317060
2022-09-13,52500000,57380000,313750
2022-09-14,51500000,57340000,315540
2022-09-15,51500000,57340000,315560
2022-09-18,50000000,56580000,316540
2022-09-19,49770000,56650000,316740
2022-09-20,49400000,57240000,317130
2022-09-21,50000000,57750000,316730
2022-09-22,50000000,57750000,316660
2022-09-24,50120000,56830000,317010
2022-09-28,50500000,57600000,318440
2022-09-29,50500000,57600000,318480
2022-10-01,53500000,59680000,331520
2022-10-02,53500000,60360000,332420
2022-10-03,53000000,60610000,330950
2022-10-04,53000000,60610000,331020
2022-10-05,52700000,59783000,326316
2022-10-08,51900000,58550000,323070
2022-10-09,51500000,58640000,324910
2022-10-10,51800000,58850000,327410
2022-10-11,52000000,58970000,326480
2022-10-12,52500000,58930000,329540
2022-10-13,52500000,58930000,329460
2022-10-15,52200000,58680000,331210
2022-10-16,52300000,58410000,328570
2022-10-17,52000000,58250000,328450
2022-10-18,51500000,58020000,327940
2022-10-19,51300000,58110000,326510
2022-10-20,51300000,58110000,326550
2022-10-22,51200000,58110000,328120
2022-10-23,51000000,57910000,327630
2022-10-24,51200000,58390000,328700
2022-10-25,51300000,58920000,328880
2022-10-26,51500000,59040000,330570
2022-10-27,51500000,59040000,330520
2022-10-29,52800000,58730000,329740
2022-10-30,53300000,58910000,332450
2022-10-31,54000000,59570000,334720
2022-11-01,56000000,60480000,346060
2022-11-02,56200000,60330000,350163
2022-11-05,58500000,64140000,362640
2022-11-06,59500000,64360000,361970
2022-11-07,58500000,63910000,361830
2022-11-08,59000000,63560000,354010
2022-11-09,58000000,63540000,350590
2022-11-10,58000000,63540000,350590
2022-11-12,58500000,64430000,354420
2022-11-13,58600000,65330000,358010
2022-11-14,59500000,65870000,355950
2022-11-15,59000000,65620000,354669
2022-11-16,58700000,64350000,349704
2022-11-19,58500000,65020000,353091
2022-11-20,58360000,64620000,357042
2022-11-21,58500000,64960000,356580
2022-11-22,58800000,64810000,355126
2022-11-23,59500000,65160000,354593
2022-11-24,59500000,65160000,349900
2022-11-26,59800000,66250000,360114
2022-11-27,62800000,66240000,360350
2022-11-28,63000000,66170000,355050
2022-11-29,63800000,67320000,357000
2022-11-30,65300000,68320000,358880
2022-12-01,65300000,68320000,357950
2022-12-03,69000000,69060000,363110
2022-12-04,71000000,68490000,363150
2022-12-05,72000000,68170000,361870
2022-12-07,73150000,69881000,370189
2022-12-10,79500000,71270000,372820
2022-12-11,86000000,72410000,379560
2022-12-12,89000000,73560000,385170
2022-12-13,91000000,73230000,383390
2022-12-14,89500000,73230000,378280
2022-12-15,89500000,73230000,378280
2022-12-17,91000000,75430000,393270
2022-12-18,90000000,76510000,396790
2022-12-19,89500000,75460000,391460
2022-12-20,89250000,76620000,396330
2022-12-21,90500000,78010000,397610
2022-12-22,90500000,78010000,390500
2022-12-24,95000000,79930000,410030
2022-12-25,94500000,81380000,414940
2022-12-26,94500000,81380000,397210
2022-12-28,100000000,82930000,434360
2022-12-29,100000000,82930000,416150
2022-12-31,87000000,80320000,411740
2023-01-01,88000000,80160000,409530
2023-01-02,87000000,77800000,397380
2023-01-03,86000000,78170000,397550
2023-01-04,85000000,78180000,400620
2023-01-05,85000000,78180000,394830
2023-01-07,86500000,82230000,410890
2023-01-08,83280000,81745000,407650
2023-01-10,80000000,81770000,408300
2023-01-11,77000000,83085000,409413
2023-01-14,77000000,83240000,409770
2023-01-15,79000000,84110000,411170
2023-01-16,86000000,86290000,418810
2023-01-17,93000000,87810000,431800
2023-01-18,97900000,89304000,439761
2023-01-21,102000000,90330000,449400
2023-01-22,94000000,90230000,448320
2023-01-23,90000000,88190000,435850
2023-01-24,88000000,89340000,437620
2023-01-25,91140000,91210000,438080
2023-01-28,92500000,92520000,448210
2023-01-29,92000000,91480000,446050
2023-01-30,91500000,89710000,447300
2023-01-31,92500000,92760000,447040
2023-02-01,93100000,91782000,449250
2023-02-05,92000000,89660000,449400
2023-02-06,91500000,89580000,442370
2023-02-07,92000000,90420000,445610
2023-02-08,94420000,93137000,450651
2023-02-12,93500000,91810000,456050
2023-02-13,94000000,92840000,459070
2023-02-14,96890000,94437000,457108
2023-02-16,100000000,95360000,451120
2023-02-19,107000000,101540000,499020
2023-02-20,103500000,100210000,498910
2023-02-21,105000000,103990000,511050
2023-02-22,111400000,117650000,525831
2023-02-25,115100000,116770000,584930
2023-02-26,109600000,114651000,584380
2023-02-27,106180000,119996000,559340
2023-02-28,107100000,108610000,556510
2023-03-01,106200000,108870000,556478
2023-03-04,105000000,101560000,509000
2023-03-05,99000000,101670000,511040
2023-03-06,97600000,100510000,503480
2023-03-08,91500000,89145000,492988
2023-03-11,92000000,86310000,445050
2023-03-12,99000000,94010000,452840
2023-03-13,110000000,98920000,470800
2023-03-14,109000000,100360000,469470
2023-03-15,110000000,108486000,467919
2023-03-18,118200000,114360000,481014
2023-03-25,118000000,113256000,507910
2023-03-26,118000000,111857000,510920
2023-03-27,118800000,112201000,511900
2023-03-28,118800000,112082000,511750
2023-03-29,117500000,113978000,546655
2023-04-03,117000000,111890000,511080
2023-04-04,118000000,112410000,511080
2023-04-05,116000000,110460000,507990
2023-04-06,116300000,110398000,510483
2023-04-08,115900000,107740000,503080
2023-04-10,117000000,110650000,508880
2023-04-12,116300000,109397000,510019
2023-04-15,117000000,110440000,512590
2023-04-16,117000000,112010000,514550
2023-04-17,116000000,110650000,517570
2023-04-18,116530000,112220000,517080
2023-04-19,116380000,112038000,516069
2023-04-23,116200000,111424000,517759
2023-04-25,116350000,111420000,517810
2023-04-26,123000000,115150000,535050
2023-04-27,123000000,115150000,532830
2023-04-29,125500000,118910000,549090
2023-04-30,127500000,119000000,557350
2023-05-01,125000000,117910000,546450
2023-05-02,124000000,118070000,540200
2023-05-03,124500000,118470000,541800
2023-05-04,124500000,118470000,536840
2023-05-06,120000000,114110000,527520
2023-05-07,119500000,115180000,535870
2023-05-08,119000000,114420000,531720
2023-05-09,117000000,114910000,529510
2023-05-10,117400000,114510000,530410
2023-05-11,117400000,114510000,530360
2023-05-13,113000000,109320000,513810
2023-05-14,109000000,111872000,521060
2023-05-17,107500000,108280000,512090
2023-05-18,107500000,108280000,510980
2023-05-20,114000000,111090000,518530
2023-05-21,115000000,111660000,523310
2023-05-22,115200000,111090000,522510
2023-05-23,115350000,109880000,515040
2023-05-24,114000000,109440000,516190
2023-05-25,114000000,109440000,514320
2023-05-27,110000000,108160000,515170
2023-05-28,112000000,109500000,518350
2023-05-29,112000000,108140000,513420
2023-05-30,111000000,108110000,509580
2023-05-31,112000000,108400000,513330
2023-06-01,112000000,108400000,510890
2023-06-03,111500000,106710000,509250
2023-06-06,107500000,103390000,496350
2023-06-07,104000000,101700000,492900
2023-06-08,104000000,101700000,490840
2023-06-10,100000000,97330000,470090
2023-06-11,102000000,98630000,481970
2023-06-12,105000000,101650000,499100
2023-06-13,106000000,100830000,488580
2023-06-14,104000000,99920000,488020
2023-06-15,104000000,99920000,488100
2023-06-17,108000000,102140000,492280
2023-06-18,105000000,100110000,486810
2023-06-19,106000000,100910000,489740
2023-06-20,104000000,99660000,485880
2023-06-21,106000000,101210000,497310
2023-06-22,106000000,101210000,497130
2023-06-24,107000000,102170000,499510
2023-06-25,106000000,102180000,497970
2023-06-26,107000000,101760000,492920
2023-06-27,106500000,101740000,492350
2023-06-28,106500000,101740000,492800
2023-07-01,108000000,103910000,499930
2023-07-02,108000000,103230000,502990
2023-07-03,108000000,103260000,502840
2023-07-04,106500000,103080000,503100
2023-07-05,106800000,103310000,503130
2023-07-06,106800000,103310000,503130
2023-07-08,105000000,102120000,499630
2023-07-09,103500000,101730000,498290
2023-07-10,102500000,100890000,491460
2023-07-11,102000000,101660000,492430
2023-07-12,101000000,101740000,492610
2023-07-15,99000000,100400000,483700
2023-07-16,99000000,100760000,488180
2023-07-17,99000000,100130000,488170
2023-07-18,97500000,100030000,484700
2023-07-19,97500000,100380000,486370
2023-07-22,95500000,98470000,483360
2023-07-23,96500000,100770000,486140
2023-07-24,100000000,101110000,488370
2023-07-25,102000000,101230000,490250
2023-07-26,102000000,101080000,488990
2023-07-29,103000000,100760000,487970
2023-07-30,105000000,102550000,493660
2023-07-31,109500000,103620000,500700
2023-08-01,108150000,102921000,500090
2023-08-02,108330000,102521000,498670
2023-08-05,106000000,102220000,496320
2023-08-06,105000000,101960000,496440
2023-08-07,103500000,101410000,493500
2023-08-08,104000000,101850000,495420
2023-08-09,100800000,101780000,496590
2023-08-12,103500000,100560000,491420
2023-08-13,102000000,100570000,492960
2023-08-14,101000000,100610000,492480
2023-08-15,100000000,99940000,489440
2023-08-16,99500000,99810000,488580
2023-08-17,99500000,99810000,488580
2023-08-19,97000000,97970000,487920
2023-08-20,97500000,98750000,486950
2023-08-21,99000000,100470000,492730
2023-08-22,99500000,100240000,490230
2023-08-23,99400000,100210000,491670
2023-08-26,99500000,100310000,491620
2023-08-27,99600000,100130000,490130
2023-08-29,100500000,100990000,491010
2023-08-30,100780000,100880000,490200
2023-09-02,102500000,102330000,496660
2023-09-03,102000000,102750000,496400
2023-09-04,102000000,102330000,496040
2023-09-09,102500000,101630000,496650
2023-09-10,102000000,101420000,495750
2023-09-11,101000000,101240000,497000
2023-09-12,102000000,101740000,499310
2023-09-13,102000000,101740000,499310
2023-09-17,100500000,101040000,495330
2023-09-18,100000000,101380000,496450
2023-09-19,99000000,101070000,491150
2023-09-20,99400000,100710000,493930
2023-09-23,99500000,100370000,493580
2023-09-26,106500000,99040000,494480
2023-09-27,99000000,99270000,497380
2023-09-28,99000000,99270000,495380
2023-09-30,99000000,97910000,495540
2023-10-01,98930000,97490000,496500
2023-10-02,98930000,97490000,496240
2023-10-04,99430000,97130000,499010
2023-10-05,99430000,97130000,498970
2023-10-07,108430000,105860000,524400
2023-10-08,115930000,106290000,527530
2023-10-09,106930000,103930000,520570
2023-10-10,105930000,103850000,517730
2023-10-11,106930000,103860000,515530
2023-10-12,106930000,103860000,511700
2023-10-14,105000000,104170000,507520
2023-10-15,103000000,101640000,502980
2023-10-16,105000000,103820000,509920
2023-10-17,105000000,105560000,513360
2023-10-18,104000000,104445000,508805
2023-10-21,103900000,104645000,506362
2023-10-22,103500000,104140000,506160
2023-10-23,103000000,105270000,507540
2023-10-24,104500000,106460000,511860
2023-10-25,105500000,107350000,516090
2023-10-27,108000000,109530000,521490
2023-10-28,106000000,108070000,513390
2023-10-29,104500000,107530000,514600
2023-10-30,106000000,108130000,516380
2023-10-31,105500000,108240000,516860
2023-11-01,105860000,108990000,521350
2023-11-03,106260000,106740000,511400
2023-11-04,104700000,106820000,512360
2023-11-05,104500000,106860000,513520
2023-11-06,103500000,105710000,512190
2023-11-07,103500000,105420000,510520
2023-11-08,103500000,105650000,513530
2023-11-10,103000000,104940000,513250
2023-11-11,103000000,104340000,513370
2023-11-12,103000000,104530000,511800
2023-11-13,103000000,104650000,511510
2023-11-14,102500000,105040000,509070
2023-11-15,102000000,104950000,509430
2023-11-17,102000000,105370000,506400
2023-11-18,101000000,104960000,503040
2023-11-19,100500000,104070000,504010
2023-11-20,100500000,104890000,501990
2023-11-21,101000000,104630000,502190
2023-11-22,101000000,104910000,503740
2023-11-24,102500000,106170000,504280
2023-11-25,103000000,105660000,502510
2023-11-26,103000000,105590000,504240
2023-11-27,103890000,106569000,506232
2023-11-28,104000000,107280000,507010
2023-11-29,104500000,107380000,506950
2023-12-01,105500000,109430000,504830
2023-12-02,106000000,109310000,505910
2023-12-03,106000000,107980000,506510
2023-12-04,104500000,108060000,505010
2023-12-05,103500000,106810000,504240
2023-12-06,104000000,107210000,505170
2023-12-08,103500000,106160000,505310
2023-12-09,103290000,106290000,505350
2023-12-10,103000000,105580000,506170
2023-12-11,103500000,105920000,504640
2023-12-12,103300000,106120000,504460
2023-12-13,105000000,107520000,504670
2023-12-15,104600000,106420000,504670
2023-12-17,104500000,106040000,502380
2023-12-18,104000000,106360000,500560
2023-12-19,103800000,106625000,500712
2023-12-20,103000000,106720000,500760
2023-12-22,104000000,107800000,503010
2023-12-23,103000000,106910000,500690
2023-12-24,104200000,106350000,500890
2023-12-25,104500000,107230000,501040
2023-12-26,103950000,108580000,503450
2023-12-27,104450000,108370000,503190
2023-12-29,105950000,108940000,506160
2023-12-30,105950000,108490000,505630
2023-12-31,105950000,109340000,505980
2024-01-01,108450000,110220000,506430
2024-01-02,107450000,110440000,508290
2024-01-03,108950000,110990000,514170
2024-01-05,107450000,111280000,509740
2024-01-06,108450000,111860000,509760
2024-01-07,108300000,111160000,509490
2024-01-08,109950000,112390000,514840
2024-01-09,113950000,112990000,519780
2024-01-10,115950000,113220000,516020
2024-01-12,118950000,116590000,524680
2024-01-13,112950000,115060000,520860
2024-01-14,108450000,115180000,524630
2024-01-15,109950000,115970000,529040
2024-01-16,109450000,117370000,536510
2024-01-17,109950000,116760000,540290
2024-01-19,108000000,118030000,542230
2024-01-20,109000000,117910000,539080
2024-01-21,109500000,117310000,540510
2024-01-22,112000000,119150000,548920
2024-01-23,114000000,119210000,556590
2024-01-26,116500000,121470000,563000
2024-01-27,114000000,121130000,558630
2024-01-28,118500000,126030000,582990
2024-01-29,119000000,126180000,582890
2024-01-30,118000000,124960000,584030
2024-01-31,114000000,127712000,576496
2024-02-02,112000000,120490000,563780
2024-02-03,108000000,119310000,551370
2024-02-04,110000000,119630000,553880
2024-02-05,110000000,119673000,557015
2024-02-06,111000000,120760000,557380
2024-02-09,110500000,119270000,549020
2024-02-11,111500000,119080000,551950
2024-02-12,111500000,118810000,554690
2024-02-13,112000000,119410000,555800
2024-02-14,112500000,120270000,560270
2024-02-16,114500000,121520000,563020
2024-02-18,115600000,122290000,570360
2024-02-19,115000000,121260000,565060
2024-02-20,115500000,122450000,570290
2024-02-21,117000000,123070000,572710
2024-02-23,118000000,124060000,572670
2024-02-25,118000000,124560000,582491
2024-02-26,120000000,126080000,586050
2024-02-27,119500000,125570000,581090
2024-02-28,120000000,125590000,584660
2024-03-01,122500000,129510000,593130
2024-03-02,121500000,129430000,593390
2024-03-03,127500000,134670000,605020
2024-03-04,135800000,134649000,609470
2024-03-05,136000000,138170000,609890
2024-03-06,136100000,138102000,605639
2024-03-08,137000000,136520000,605340
2024-03-09,132500000,133890000,592850
2024-03-10,135000000,135700000,599410
2024-03-11,137000000,133990000,597090
2024-03-12,137000000,133580000,595340
2024-03-13,137500000,134760000,593800
2024-03-15,138000000,135960000,601080
2024-03-16,140000000,138720000,600260
2024-03-17,144000000,140970000,603510
2024-03-23,143900000,141320000,618100
2024-03-24,145000000,139710000,614030
2024-03-25,144000000,139580000,608380
2024-03-26,147900000,141270000,613950
2024-03-27,145800000,141890000,616580
2024-03-29,154300000,143310000,618334
2024-04-01,158000000,148840000,632900
2024-04-02,166000000,153710000,634740
2024-04-03,180000000,155660000,641000
2024-04-05,168000000,159470000,647000
2024-04-06,155000000,154220000,640000
2024-04-07,148000000,152890000,608700
2024-04-08,158000000,156990000,637000
2024-04-12,168000000,167940000,641000
2024-04-13,166000000,161780000,618800
2024-04-14,157000000,162410000,638400
2024-04-15,160000000,164160000,619200
2024-04-16,160000000,164510000,597900
2024-04-17,163000000,165890000,600900
2024-04-19,155000000,158680000,629000
2024-04-20,156000000,160780000,627600
2024-04-21,155000000,157690000,640100
2024-04-22,151000000,154230000,618300
2024-04-23,150000000,153080000,613700
2024-04-24,151000000,152590000,644200
2024-04-26,144000000,148870000,600600
2024-04-27,143000000,144080000,620100
2024-04-28,148000000,151620000,627500
2024-04-29,154000000,149870000,644100
2024-04-30,153000000,148820000,631000
2024-05-01,155000000,149420000,597300
2024-05-04,149000000,145770000,606100
2024-05-05,153000000,151460000,602200
2024-05-06,150000000,148510000,597200
2024-05-07,152000000,148010000,599500
2024-05-08,153000000,147660000,634600
2024-05-10,151000000,147490000,633700
2024-05-11,150000000,145890000,601600
2024-05-12,147000000,144970000,629000
2024-05-13,148000000,144970000,595000
2024-05-14,149000000,146030000,597300
2024-05-15,150000000,145690000,600600
2024-05-17,146000000,143220000,607700
2024-05-18,153000000,155930000,608600
2024-05-19,149000000,145940000,605600
2024-05-20,149000000,145330000,604700
2024-05-21,149000000,144419000,601000
2024-05-22,149000000,144090000,600700
2024-05-24,148000000,141920000,614500
2024-05-25,149000000,142480000,612200
2024-05-26,150000000,145290000,614100
2024-05-27,155000000,147110000,598200
2024-05-28,151000000,145980000,616500
2024-05-29,152000000,145940000,605400
2024-05-31,150000000,144440000,599600
2024-06-01,153000000,147020000,603100
2024-06-04,152000000,145490000,599800
2024-06-05,153000000,145870000,601900
2024-06-07,150000000,144330000,603900
2024-06-08,149000000,144400000,611600
2024-06-09,147000000,143380000,608500
2024-06-10,147500000,142840000,609900
2024-06-11,148000000,143880000,608300
2024-06-12,148000000,143430000,615900
2024-06-14,147500000,145100000,596500
2024-06-15,146000000,145790000,602600
2024-08-03,155000000,155940000,609000
2024-08-04,153000000,154210000,614900
2024-08-05,154500000,152360000,611400
2024-08-06,154500000,154810000,614010
2024-08-07,154500000,154230000,610000
2024-08-09,152000000,152560000,597700
2024-08-10,149500000,150570000,594100
2024-08-11,150000000,153460000,600250
2024-08-12,148500000,151470000,595700
2024-08-13,145000000,150710000,588350
2024-08-14,144000000,150190000,587650
2024-08-16,144000000,150660000,577050
2024-08-18,150000000,154170000,583100
2024-08-19,148000000,153230000,579850
2024-08-20,149000000,154930000,581600
2024-08-21,150000000,155250000,584100
2024-08-23,150000000,155390000,582650
2024-08-25,151000000,156700000,593200
2024-08-26,149500000,155480000,591250
2024-08-27,151500000,156530000,590000
2024-08-28,154000000,157400000,592050
2024-08-30,152500000,157180000,593900
2024-08-31,154000000,159160000,594500
2024-09-02,153920000,157840000,592000
2024-09-04,154000000,157980000,599400
2024-09-06,153000000,156060000,599200
2024-09-07,153500000,156260000,596700
2024-09-08,154000000,157200000,594400
2024-09-09,154000000,158270000,594750
2024-09-10,156000000,158640000,596000
2024-09-13,158500000,160520000,594900
2024-09-14,156500000,159880000,594250
2024-09-15,157000000,160750000,591050
2024-09-16,158000000,161710000,591900
2024-09-17,160000000,161610000,595100
2024-09-18,159000000,161990000,591450
2024-09-21,162500000,164850000,592500
2024-09-22,165000000,166790000,595250
2024-09-23,170000000,169100000,598400
2024-09-24,167500000,167980000,603150
2024-09-25,169000000,169170000,602500
2024-09-27,176000000,174380000,598050
2024-09-28,170000000,172230000,609450
2024-09-29,168000000,170640000,606200
2024-09-30,171000000,175450000,605800
2024-10-01,175000000,176660000,619850
2024-10-02,177000000,177790000,621300
2024-10-04,177000000,177300000,615850
2024-10-05,180000000,179250000,624350
2024-10-06,178500000,177610000,634600
2024-10-07,175500000,174700000,627650
2024-10-08,175000000,176240000,624800
2024-10-09,177000000,177310000,628900
2024-10-11,174500000,174800000,631100
2024-10-12,176500000,176830000,624750
2024-10-13,178000000,177870000,628050
2024-10-14,176500000,177880000,630350
2024-10-15,179500000,180340000,626850
2024-10-16,179500000,181070000,633500
2024-10-18,191000000,184250000,633850
2024-10-19,189000000,185280000,637950
2024-10-20,194000000,187300000,642050
2024-10-21,187000000,192170000,648850
2024-10-22,193000000,197760000,663150
2024-10-23,193000000,199150000,676750
2024-10-30,178000000,199750000,687500
2024-11-01,185000000,201830000,683650
2024-11-02,183000000,202750000,694500
2024-11-03,173000000,199990000,694200
2024-11-04,172000000,199650000,689400
2024-11-05,167000000,197780000,698550
2024-11-06,163000000,196920000,696100
2024-11-08,157000000,196860000,695400
2024-11-09,155000000,192500000,691800
2024-11-10,145000000,183860000,682300
2024-11-11,157000000,187240000,668800
2024-11-12,160000000,189550000,679450
2024-11-13,159000000,186190000,682300
2024-11-15,158000000,186050000,683750
2024-11-16,159500000,185770000,682200
2024-11-17,160000000,188780000,680950
2024-11-18,165500000,192430000,683850
2024-11-19,164500000,194660000,690250
2024-11-20,167500000,195780000,689900
2024-11-22,171500000,201910000,697400
2024-11-23,166000000,197790000,698000
2024-11-24,166100000,193790000,687400
2024-11-25,166100000,193530000,693350
2024-11-26,167000000,195390000,695750
2024-11-27,167500000,197590000,699300
2024-11-29,170000000,198200000,704950
2024-11-30,167000000,197730000,702950
2024-12-01,168200000,198810000,699550
2024-12-02,168500000,200170000,704800
2024-12-03,170500000,202980000,712200
2024-12-06,168500000,199880000,712650
2024-12-07,170500000,201760000,715350
2024-12-08,172000000,203240000,718400
2024-12-09,173200000,206060000,718800
2024-12-10,175200000,210650000,723650
2024-12-11,174200000,208740000,732450
2024-12-13,174500000,210870000,736600
2024-12-14,173200000,210090000,748550
2024-12-15,178200000,214110000,745950
2024-12-16,178000000,212700000,765550
2024-12-17,177900000,215160000,767200
2024-12-18,175200000,211010000,771600
2024-12-20,174000000,211820000,766900
2024-12-21,173000000,212570000,761600
2024-12-22,176400000,216100000,762200
2024-12-23,178000000,218700000,779700
2024-12-24,179000000,219880000,785200
2024-12-25,180000000,222730000,784850
2024-12-27,185000000,227930000,799350
2024-12-28,181000000,223630000,811550
2024-12-29,182500000,226530000,796350
2024-12-30,180000000,227100000,816300
2024-12-31,177800000,226040000,813200
2025-01-01,177200000,225160000,812950
2025-01-03,174700000,223490000,799600
2025-01-04,174000000,221830000,799600
2025-01-05,174000000,221640000,794200
2025-01-06,177000000,226310000,798100
2025-01-07,177000000,228410000,799000
2025-01-08,177000000,228840000,803300
2025-01-10,179000000,231840000,818300
2025-01-11,175000000,228860000,817650
2025-01-12,176000000,230770000,806400
2025-01-14,173000000,227760000,813650
2025-01-15,172000000,226780000,803350
2025-01-17,172000000,227590000,796100
2025-01-18,171000000,227370000,806350
2025-01-19,173000000,228710000,806400
2025-01-20,177000000,234510000,808800
2025-01-21,182000000,237490000,823900
2025-01-22,185000000,239020000,824800
2025-01-24,184000000,240740000,829400
2025-01-25,185000000,242930000,835850
2025-01-26,185000000,242510000,837400
2025-01-28,181000000,239780000,836400
2025-01-29,181000000,241840000,832100
2025-01-31,185000000,245870000,834700
2025-02-01,185000000,245310000,838950
2025-02-02,185000000,247080000,840200
2025-02-03,188000000,250060000,838200
2025-02-04,195000000,255670000,845500
2025-02-05,195000000,258380000,851800
2025-02-07,210000000,274120000,877600
2025-02-08,221000000,286680000,888400
2025-02-10,213000000,277030000,916650
2025-02-11,202000000,276570000,885700
2025-02-12,208000000,283740000,884200
2025-02-14,210000000,283470000,903550
2025-02-15,207000000,282030000,907350
2025-02-16,205000000,280550000,906900
2025-02-17,211000000,285080000,908600
2025-02-18,217000000,292730000,918700
2025-02-19,224000000,299020000,921350
2025-02-21,227000000,294220000,930000
2025-02-22,218000000,292030000,930850
2025-02-23,218000000,288290000,926150
2025-02-24,217000000,285040000,913200
2025-02-25,220000000,291020000,920550
2025-02-26,219000000,287240000,924150
2025-02-28,214000000,278840000,922300
2025-03-01,220000000,282010000,921150
2025-03-02,218000000,276250000,920400
2025-03-03,223000000,278930000,907400
2025-03-04,220000000,276830000,904300
2025-03-05,220000000,275710000,883850
2025-03-07,229000000,286560000,896900
2025-03-08,241000000,291130000,912450
2025-03-09,243000000,291750000,934650
2025-03-10,244000000,289130000,924000
2025-03-11,247000000,291350000,926350
2025-03-12,259000000,295050000,926650
2025-03-14,259000000,297610000,918650
2025-03-15,280000000,319540000,912900
2025-03-16,297000000,333450000,933550
2025-03-17,348000000,351340000,973900
2025-03-24,330000000,343840000,976550
2025-03-26,339000000,351490000,1018850
2025-03-28,349000000,358740000,1036950
2025-04-04,312000000,334470000,1032900
2025-04-05,322000000,345810000,1028200
2025-04-06,332000000,338910000,1045350
2025-04-07,310000000,319340000,1058100
2025-04-08,310000000,326690000,998800
2025-04-09,315000000,330810000,999100
2025-04-11,295000000,319500000,994200
2025-04-12,270000000,286880000,897950
2025-04-13,270000000,293250000,850150
2025-04-14,275000000,292130000,894900
2025-04-15,275000000,302120000,880200
2025-04-16,275500000,297510000,880200
2025-04-18,260000000,283720000,849650
2025-04-19,260000000,284020000,829100
2025-04-20,256000000,287330000,831050
2025-04-21,251000000,284730000,818900
2025-04-22,247000000,281960000,813150
2025-04-25,244000000,288540000,795650
2025-04-26,246000000,289950000,829250
2025-04-27,246000000,283050000,832650
2025-04-28,244000000,281120000,808750
2025-04-29,247000000,281050000,808850
2025-04-30,246000000,278320000,814000
2025-05-02,265000000,293550000,850200
2025-05-03,280000000,294840000,851650
2025-05-04,277000000,293660000,862400
2025-05-05,266000000,289750000,842700
2025-05-06,261000000,288630000,823400
2025-05-07,263000000,290250000,821200
2025-05-09,258000000,291020000,819650
2025-05-10,260000000,287410000,834150
2025-05-11,253000000,283440000,831000
2025-05-12,251000000,284780000,835900
2025-05-13,249000000,280040000,835600
2025-05-14,250000000,278920000,831650
2025-05-16,242000000,273210000,829700
2025-05-17,237000000,269320000,822750
2025-05-18,234000000,271010000,817400
2025-05-19,250000000,285490000,817900
2025-05-20,250000000,280830000,841400
2025-05-21,249000000,282830000,824600
2025-05-23,244000000,284610000,832500
2025-05-24,241000000,283120000,828200
2025-05-25,241000000,280400000,823950
2025-05-26,242000000,279810000,822150
2025-05-27,241000000,279010000,828500
2025-05-28,239000000,279010000,824450
2025-05-30,236000000,279280000,827700
2025-05-31,232000000,277950000,825350
2025-06-01,239000000,286450000,821250
2025-06-02,239000000,287110000,825750
2025-06-06,236000000,278630000,835500
2025-06-07,238000000,281560000,818500
2025-06-08,236000000,283730000,823450
2025-06-09,237000000,279950000,824650
2025-06-10,239000000,285070000,819400
2025-06-11,248000000,293460000,829000
2025-06-25,246000000,290960000,829900
2025-06-27,246000000,292040000,835900
2025-06-28,258000000,306120000,846400
2025-06-29,274000000,318010000,881800
2025-06-30,261000000,320640000,918450
2025-07-01,263000000,324540000,917400
2025-07-02,262000000,322220000,915800
2025-07-06,253000000,309210000,906500
2025-07-07,243000000,301050000,883500
2025-07-08,253000000,304930000,870700
2025-07-09,253000000,306050000,878500
2025-07-11,250000000,301650000,880150
2025-07-12,254000000,310640000,871600
2025-07-14,247500000,308510000,891000
2025-07-15,252000000,308740000,886200
2025-07-16,250000000,306690000,888500
2025-07-18,246000000,302520000,887000
2025-07-19,242000000,300730000,874800
2025-07-20,247000000,306770000,868000
2025-07-21,246000000,311040000,879400
2025-07-22,247000000,309040000,882200
2025-07-23,247000000,307910000,880900
2025-07-25,245000000,303720000,884000
2025-07-26,247000000,304430000,880800
2025-07-27,251000000,308620000,881500
2025-07-28,249000000,309510000,892350
2025-07-29,249000000,309700000,892100
2025-07-30,252000000,312370000,896100
2025-08-01,263000000,320380000,905400
2025-08-02,262000000,325410000,912450
2025-08-03,267000000,332430000,924300
2025-08-04,264000000,331350000,937500
2025-08-05,262000000,328940000,933050
2025-08-06,264000000,328990000,929050
2025-08-09,255000000,323040000,933250
2025-08-10,256000000,324540000,917600
2025-08-11,256000000,324750000,920800
2025-08-12,254000000,322670000,930500
2025-08-13,258000000,330170000,924700
2025-08-16,251000000,320520000,933050
2025-08-17,253000000,325390000,927300
2025-08-18,258000000,328620000,934250
2025-08-19,255000000,329020000,938050
2025-08-20,258000000,334930000,934400
2025-08-21,267000000,339830000,939950
2025-08-23,264000000,336360000,935600
2025-08-25,267000000,340620000,947700
2025-08-26,268000000,345110000,959100
2025-08-27,290000000,359410000,999950
2025-08-28,288000000,361450000,1000000
2025-08-30,306000000,372950000,1003700
2025-08-31,311000000,387310000,1024900
2025-09-02,300000000,379740000,1055700
2025-09-03,292000000,379530000,1032700
2025-09-04,287000000,373120000,1023900
2025-09-06,289000000,379660000,1012100
2025-09-07,285000000,381990000,1027100
2025-09-08,286000000,381430000,1025700
2025-09-09,286000000,383440000,1005950
2025-09-11,284000000,374570000,990250
2025-09-13,266000000,366470000,992000
2025-09-14,269000000,364910000,978100
2025-09-15,275000000,375930000,981000
2025-09-16,278000000,383120000,992000
2025-09-17,277000000,383050000,996000
2025-09-18,272000000,378650000,992700
2025-09-20,311000000,400010000,1006100
2025-09-21,326000000,419050000,1027100
2025-09-22,314000000,405380000,1063100
2025-09-23,320000000,417980000,1041100
2025-09-24,331000000,430820000,1047200
2025-09-25,332000000,432120000,1072850
2025-09-27,348000000,448590000,1084150
2025-09-28,335000000,440110000,1103100
2025-09-29,353000000,453140000,1111450
2025-09-30,346000000,462320000,1120600
2025-10-01,349000000,472350000,1138700
2025-10-02,358000000,480050000,1158700
2025-10-04,344000000,474490000,1170550
2025-10-05,332000000,459310000,1151300
2025-10-06,331000000,456120000,1133400
2025-10-07,339000000,473450000,1110700
2025-10-08,357000000,492540000,1138300
2025-10-09,348000000,482590000,1156150
2025-10-11,334000000,473000000,1124300
2025-10-12,333000000,469710000,1123850
2025-10-13,332000000,473640000,1118800
2025-10-14,322000000,469730000,1105800
2025-10-15,329000000,483820000,1086700
2025-10-16,336000000,488310000,1098100
2025-10-18,323000000,469820000,1100700
2025-10-19,337000000,480450000,1073050
2025-10-20,338000000,475310000,1086600
2025-10-21,334000000,472780000,1063600
2025-10-22,334000000,470460000,1078200
2025-10-23,336000000,471850000,1078450
2025-10-25,336000000,461180000,1071200
2025-10-26,335000000,465430000,1068850
2025-10-27,331100000,456790000,1079150
2025-10-28,328000000,448350000,1078550
2025-10-29,333800000,452970000,1069050
2025-10-30,333200000,449680000,1071300
2025-11-01,337900000,460400000,1073800
2025-11-02,335400000,454690000,1087200
2025-11-03,335000000,454370000,1087850
2025-11-04,334500000,453630000,1079300
2025-11-05,333000000,453590000,1082100
2025-11-06,336000000,454980000,1078700
2025-11-08,332000000,451790000,1079200
2025-11-09,333900000,453430000,1077450
2025-11-10,336000000,457750000,1078500
2025-11-11,343800000,477910000,1076400
2025-11-12,350600000,493690000,1102100
2025-11-13,364900000,500550000,1125400
2025-11-15,353200000,486280000,1121000
2025-11-17,342100000,484380000,1123200
2025-11-18,344000000,481980000,1124900
2025-11-19,349400000,491530000,1126700
2025-11-20,348200000,491580000,1134750
2025-11-22,342600000,481960000,1135100
2025-11-23,349600000,488450000,1127350
2025-11-25,353500000,491970000,1133150
2025-11-26,355000000,498030000,1134500
2025-11-27,352600000,496750000,1136150
2025-11-29,367900000,512580000,1140000
2025-12-01,373600000,529000000,1176600
2025-12-02,370300000,524950000,1191050
2025-12-03,378000000,532550000,1190450
2025-12-04,376100000,530650000,1203250
2025-12-06,389700000,539240000,1197250
2025-12-07,396400000,550500000,1221250
2025-12-08,403400000,550710000,1240450
2025-12-09,403200000,549340000,1259750
2025-12-10,405700000,549370000,1249800
2025-12-11,417000000,555810000,1246800
2025-12-13,428700000,578640000,1276850
2025-12-15,437700000,589120000,1299700
2025-12-16,435000000,586620000,1303100
2025-12-17,443000000,602550000,1300600
2025-12-18,443200000,595380000,1321900
2025-12-20,435500000,597260000,1309950
2025-12-21,437700000,591240000,1320500
2025-12-22,444200000,603850000,1310250
2025-12-23,465400000,620340000,1319650
2025-12-24,482900000,628690000,1346850
2025-12-25,479700000,621860000,1356000
2025-12-27,513800000,664790000,1344150
2025-12-28,534700000,685050000,1394950
2025-12-29,491500000,621950000,1417500
2025-12-30,501500000,639080000,1369850
2025-12-31,487100000,610820000,1397500
2026-01-01,484300000,615120000,1352050
2026-01-04,500000000,637870000,1370400
2026-01-05,515200000,679420000,1377700
2026-01-07,518800000,698650000,1470300
2026-01-08,510200000,684850000,1468050
2026-01-10,508300000,686920000,1455000
2026-01-11,508300000,686940000,1455050
2026-01-12,508300000,686940000,1455250
2026-01-13,508300000,686880000,1455350
2026-01-14,508300000,686870000,1455350
2026-01-15,508300000,686890000,1455250
2026-01-17,508300000,686940000,1455050
2026-01-18,508300000,686850000,1455200
2026-01-19,508300000,686850000,1455350
2026-01-20,508300000,686860000,1455050
2026-01-21,508300000,686850000,1455000
2026-01-22,508300000,686860000,1455100
2026-01-24,510000000,707900000,1455300
2026-01-25,520000000,713990000,1410100
2026-01-26,535000000,746970000,1421640
2026-01-27,546700000,791490000,1465700
2026-01-28,600000000,869950000,1527400
2026-01-29,617400000,892980000,1609450
2026-01-31,552900000,852050000,1599650
2026-02-01,542800000,818020000,1624300
2026-02-02,519900000,764960000,1586600
2026-02-03,563600000,833210000,1544650
2026-02-05,560000000,838490000,1609350
2026-02-07,520000000,784050000,1619350
2026-02-08,549500000,813470000,1554450
2026-02-09,551800000,838640000,1592600
2026-02-10,568300000,864320000,1613600
2026-02-12,557000000,846010000,1624550
2026-02-14,537100000,804970000,1621350
2026-02-15,556200000,830820000,1586600
2026-02-16,534900000,809920000,1598550
2026-02-17,547300000,816350000,1599900
2026-02-18,550700000,841450000,1610300
2026-02-19,564900000,861420000,1627300
2026-05-05,550000000,830010000,1818900
2026-05-06,550000000,836950000,1789200
2026-05-09,550000000,836980000,1779000
2026-05-10,540000000,830420000,1778800
2026-05-11,550000000,857970000,1804200
2026-05-12,560000000,848470000,1813900
2026-05-13,540000000,848530000,1804100
2026-05-16,535000000,840720000,1803900
2026-05-17,540000000,835030000,1799050
2026-05-18,535000000,822540000,1809200
2026-05-19,530000000,822020000,1794200
2026-05-20,535000000,832480000,1784100
2026-05-21,540000000,829530000,1799150
2026-05-23,530000000,803950000,1792100
2026-05-24,515000000,777470000,1767200
2026-05-25,530000000,790980000,1723950
2026-05-26,525000000,788960000,1733850
2026-05-28,525000000,785470000,1723950
2026-05-30,520000000,778930000,1739800
2026-05-31,520000000,785460000,1709900
2026-06-01,545000000,805030000,1715150
2026-06-02,530000000,790050000,1744950
2026-06-03,530000000,791730000,1745100
2026-06-06,525000000,779730000,1735000
2026-06-07,540000000,793040000,1747950
2026-06-08,535000000,782460000,1782150
2026-06-09,520000000,776470000,1769800
2026-06-10,520000000,776350000,1758050
2026-06-11,525000000,773970000,1787800
2026-06-13,498900000,746050000,1810050
2026-06-14,504900000,742050000,1699900
2026-06-15,476200000,702970000,1710000
2026-06-16,441600000,677980000,1604900
2026-06-17,476600000,701010000,1535050
2026-06-18,470000000,678460000,1564850
2026-06-20,487100000,697520000,1614850
2026-06-21,483500000,700020000,1602950
2026-06-22,486900000,690320000,1602900
2026-06-23,494500000,696840000,1579850
2026-06-27,504500000,707450000,1662850
2026-06-28,538800000,749020000,1667950
2026-06-29,512600000,727050000,1734000
2026-06-30,521600000,732520000,1716950
2026-07-01,523700000,747530000,1730000
2026-07-02,528600000,756410000,1749900
2026-07-05,535000000,768040000,1746100
2026-07-06,540000000,768290000,1755950
2026-07-07,535500000,768460000,1757100
2026-07-08,545000000,774650000,1759850
2026-07-09,540600000,777020000,1801000
2026-07-11,521800000,756950000,1825100
2026-07-12,520000000,764990000,1775000
2026-07-13,516400000,765960000,1802000
2026-07-14,533500000,775020000,1813150
2026-07-15,546600000,795330000,1834800
2026-07-16,536700000,790320000,1892100
2026-07-18,546700000,828950000,1912900
2026-07-19,535000000,812980000,1950000
2026-07-20,515100000,787740000,1905000
2026-07-21,525000000,798980000,1878000
2026-07-22,540000000,823180000,1900850
2026-07-23,540000000,816830000,1917950
2026-07-25,530000000,790850000,1911900
2026-07-26,525000000,774470000,1892000
2026-07-27,540000000,788820000,1863900
