date,quarter,mesghal
2024-10-30,178000000.0,199750000.0
2024-11-01,185000000.0,201830000.0
2024-11-02,183000000.0,202750000.0
2024-11-03,173000000.0,199990000.0
2024-11-04,172000000.0,199650000.0
2024-11-05,167000000.0,197780000.0
2024-11-06,163000000.0,196920000.0
2024-11-08,157000000.0,196860000.0
2024-11-09,155000000.0,192500000.0
2024-11-10,145000000.0,183860000.0
2024-11-11,157000000.0,187240000.0
2024-11-12,160000000.0,189550000.0
2024-11-13,159000000.0,186190000.0
2024-11-15,158000000.0,186050000.0
2024-11-16,159500000.0,185770000.0
2024-11-17,160000000.0,188780000.0
2024-11-18,165500000.0,192430000.0
2024-11-19,164500000.0,194660000.0
2024-11-20,167500000.0,195780000.0
2024-11-22,171500000.0,201910000.0
2024-11-23,166000000.0,197790000.0
2024-11-24,166100000.0,193790000.0
2024-11-25,166100000.0,193530000.0
2024-11-26,167000000.0,195390000.0
2024-11-27,167500000.0,197590000.0
2024-11-29,170000000.0,198200000.0
2024-11-30,167000000.0,197730000.0
2024-12-01,168200000.0,198810000.0
2024-12-02,168500000.0,200170000.0
2024-12-03,170500000.0,202980000.0
2024-12-06,168500000.0,199880000.0
2024-12-07,170500000.0,201760000.0
2024-12-08,172000000.0,203240000.0
2024-12-09,173200000.0,206060000.0
2024-12-10,175200000.0,210650000.0
2024-12-11,174200000.0,208740000.0
2024-12-13,174500000.0,210870000.0
2024-12-14,173200000.0,210090000.0
2024-12-15,178200000.0,214110000.0
2024-12-16,178000000.0,212700000.0
2024-12-17,177900000.0,215160000.0
2024-12-18,175200000.0,211010000.0
2024-12-20,174000000.0,211820000.0
2024-12-21,173000000.0,212570000.0
2024-12-22,176400000.0,216100000.0
2024-12-23,178000000.0,218700000.0
2024-12-24,179000000.0,219880000.0
2024-12-25,180000000.0,222730000.0
2024-12-27,185000000.0,227930000.0
2024-12-28,181000000.0,223630000.0
2024-12-29,182500000.0,226530000.0
2024-12-30,180000000.0,227100000.0
2024-12-31,177800000.0,226040000.0
2025-01-01,177200000.0,225160000.0
2025-01-03,174700000.0,223490000.0
2025-01-04,174000000.0,221830000.0
2025-01-05,174000000.0,221640000.0
2025-01-06,177000000.0,226310000.0
2025-01-07,177000000.0,228410000.0
2025-01-08,177000000.0,228840000.0
2025-01-10,179000000.0,231840000.0
2025-01-11,175000000.0,228860000.0
2025-01-12,176000000.0,230770000.0
2025-01-14,173000000.0,227760000.0
2025-01-15,172000000.0,226780000.0
2025-01-17,172000000.0,227590000.0
2025-01-18,171000000.0,227370000.0
2025-01-19,173000000.0,228710000.0
2025-01-20,177000000.0,234510000.0
2025-01-21,182000000.0,237490000.0
2025-01-22,185000000.0,239020000.0
2025-01-24,184000000.0,240740000.0
2025-01-25,185000000.0,242930000.0
2025-01-26,185000000.0,242510000.0
2025-01-28,181000000.0,239780000.0
2025-01-29,181000000.0,241840000.0
2025-01-31,185000000.0,245870000.0
2025-02-01,185000000.0,245310000.0
2025-02-02,185000000.0,247080000.0
2025-02-03,188000000.0,250060000.0
2025-02-04,195000000.0,255670000.0
2025-02-05,195000000.0,258380000.0
2025-02-07,210000000.0,274120000.0
2025-02-08,221000000.0,286680000.0
2025-02-10,213000000.0,277030000.0
2025-02-11,202000000.0,276570000.0
2025-02-12,208000000.0,283740000.0
2025-02-14,210000000.0,283470000.0
2025-02-15,207000000.0,282030000.0
2025-02-16,205000000.0,280550000.0
2025-02-17,211000000.0,285080000.0
2025-02-18,217000000.0,292730000.0
2025-02-19,224000000.0,299020000.0
2025-02-21,227000000.0,294220000.0
2025-02-22,218000000.0,292030000.0
2025-02-23,218000000.0,288290000.0
2025-02-24,217000000.0,285040000.0
2025-02-25,220000000.0,291020000.0
2025-02-26,219000000.0,287240000.0
2025-02-28,214000000.0,278840000.0
2025-03-01,220000000.0,282010000.0
2025-03-02,218000000.0,276250000.0
2025-03-03,223000000.0,278930000.0
2025-03-04,220000000.0,276830000.0
2025-03-05,220000000.0,275710000.0
2025-03-07,229000000.0,286560000.0
2025-03-08,241000000.0,291130000.0
2025-03-09,243000000.0,291750000.0
2025-03-10,244000000.0,289130000.0
2025-03-11,247000000.0,291350000.0
2025-03-12,259000000.0,295050000.0
2025-03-14,259000000.0,297610000.0
2025-03-15,280000000.0,319540000.0
2025-03-16,297000000.0,333450000.0
2025-03-17,348000000.0,351340000.0
2025-03-24,330000000.0,343840000.0
2025-03-26,339000000.0,351490000.0
2025-03-28,349000000.0,358740000.0
2025-04-04,312000000.0,334470000.0
2025-04-05,322000000.0,345810000.0
2025-04-06,332000000.0,338910000.0
2025-04-07,310000000.0,319340000.0
2025-04-08,310000000.0,326690000.0
2025-04-09,315000000.0,330810000.0
2025-04-11,295000000.0,319500000.0
2025-04-12,270000000.0,286880000.0
2025-04-13,270000000.0,293250000.0
2025-04-14,275000000.0,292130000.0
2025-04-15,275000000.0,302120000.0
2025-04-16,275500000.0,297510000.0
2025-04-18,260000000.0,283720000.0
2025-04-19,260000000.0,284020000.0
2025-04-20,256000000.0,287330000.0
2025-04-21,251000000.0,284730000.0
2025-04-22,247000000.0,281960000.0
2025-04-25,244000000.0,288540000.0
2025-04-26,246000000.0,289950000.0
2025-04-27,246000000.0,283050000.0
2025-04-28,244000000.0,281120000.0
2025-04-29,247000000.0,281050000.0
2025-04-30,246000000.0,278320000.0
2025-05-02,265000000.0,293550000.0
2025-05-03,280000000.0,294840000.0
2025-05-04,277000000.0,293660000.0
2025-05-05,266000000.0,289750000.0
2025-05-06,261000000.0,288630000.0
2025-05-07,263000000.0,290250000.0
2025-05-09,258000000.0,291020000.0
2025-05-10,260000000.0,287410000.0
2025-05-11,253000000.0,283440000.0
2025-05-12,251000000.0,284780000.0
2025-05-13,249000000.0,280040000.0
2025-05-14,250000000.0,278920000.0
2025-05-16,242000000.0,273210000.0
2025-05-17,237000000.0,269320000.0
2025-05-18,234000000.0,271010000.0
2025-05-19,250000000.0,285490000.0
2025-05-20,250000000.0,280830000.0
2025-05-21,249000000.0,282830000.0
2025-05-23,244000000.0,284610000.0
2025-05-24,241000000.0,283120000.0
2025-05-25,241000000.0,280400000.0
2025-05-26,242000000.0,279810000.0
2025-05-27,241000000.0,279010000.0
2025-05-28,239000000.0,279010000.0
2025-05-30,236000000.0,279280000.0
2025-05-31,232000000.0,277950000.0
2025-06-01,239000000.0,286450000.0
2025-06-02,239000000.0,287110000.0
2025-06-06,236000000.0,278630000.0
2025-06-07,238000000.0,281560000.0
2025-06-08,236000000.0,283730000.0
2025-06-09,237000000.0,279950000.0
2025-06-10,239000000.0,285070000.0
2025-06-11,248000000.0,293460000.0
2025-06-25,246000000.0,290960000.0
2025-06-27,246000000.0,292040000.0
2025-06-28,258000000.0,306120000.0
2025-06-29,274000000.0,318010000.0
2025-06-30,261000000.0,320640000.0
2025-07-01,263000000.0,324540000.0
2025-07-02,262000000.0,322220000.0
2025-07-06,253000000.0,309210000.0
2025-07-07,243000000.0,301050000.0
2025-07-08,253000000.0,304930000.0
2025-07-09,253000000.0,306050000.0
2025-07-11,250000000.0,301650000.0
2025-07-12,254000000.0,310640000.0
2025-07-14,247500000.0,308510000.0
2025-07-15,252000000.0,308740000.0
2025-07-16,250000000.0,306690000.0
2025-07-18,246000000.0,302520000.0
2025-07-19,242000000.0,300730000.0
2025-07-20,247000000.0,306770000.0
2025-07-21,246000000.0,311040000.0
2025-07-22,247000000.0,309040000.0
2025-07-23,247000000.0,307910000.0
2025-07-25,245000000.0,303720000.0
2025-07-26,247000000.0,304430000.0
2025-07-27,251000000.0,308620000.0
2025-07-28,249000000.0,309510000.0
2025-07-29,249000000.0,309700000.0
2025-07-30,252000000.0,312370000.0
2025-08-01,263000000.0,320380000.0
2025-08-02,262000000.0,325410000.0
2025-08-03,267000000.0,332430000.0
2025-08-04,264000000.0,331350000.0
2025-08-05,262000000.0,328940000.0
2025-08-06,264000000.0,328990000.0
2025-08-09,255000000.0,323040000.0
2025-08-10,256000000.0,324540000.0
2025-08-11,256000000.0,324750000.0
2025-08-12,254000000.0,322670000.0
2025-08-13,258000000.0,330170000.0
2025-08-16,251000000.0,320520000.0
2025-08-17,253000000.0,325390000.0
2025-08-18,258000000.0,328620000.0
2025-08-19,255000000.0,329020000.0
2025-08-20,258000000.0,334930000.0
2025-08-21,267000000.0,339830000.0
2025-08-23,264000000.0,336360000.0
2025-08-25,267000000.0,340620000.0
2025-08-26,268000000.0,345110000.0
2025-08-27,290000000.0,359410000.0
2025-08-28,288000000.0,361450000.0
2025-08-30,306000000.0,372950000.0
2025-08-31,311000000.0,387310000.0
2025-09-02,300000000.0,379740000.0
2025-09-03,292000000.0,379530000.0
2025-09-04,287000000.0,373120000.0
2025-09-06,289000000.0,379660000.0
2025-09-07,285000000.0,381990000.0
2025-09-08,286000000.0,381430000.0
2025-09-09,286000000.0,383440000.0
2025-09-11,284000000.0,374570000.0
2025-09-13,266000000.0,366470000.0
2025-09-14,269000000.0,364910000.0
2025-09-15,275000000.0,375930000.0
2025-09-16,278000000.0,383120000.0
2025-09-17,277000000.0,383050000.0
2025-09-18,272000000.0,378650000.0
2025-09-20,311000000.0,400010000.0
2025-09-21,326000000.0,419050000.0
2025-09-22,314000000.0,405380000.0
2025-09-23,320000000.0,417980000.0
2025-09-24,331000000.0,430820000.0
2025-09-25,332000000.0,432120000.0
2025-09-27,348000000.0,448590000.0
2025-09-28,335000000.0,440110000.0
2025-09-29,353000000.0,453140000.0
2025-09-30,346000000.0,462320000.0
2025-10-01,349000000.0,472350000.0
2025-10-02,358000000.0,480050000.0
2025-10-04,344000000.0,474490000.0
2025-10-05,332000000.0,459310000.0
2025-10-06,331000000.0,456120000.0
2025-10-07,339000000.0,473450000.0
2025-10-08,357000000.0,492540000.0
2025-10-09,348000000.0,482590000.0
2025-10-11,334000000.0,473000000.0
2025-10-12,333000000.0,469710000.0
2025-10-13,332000000.0,473640000.0
2025-10-14,322000000.0,469730000.0
2025-10-15,329000000.0,483820000.0
2025-10-16,336000000.0,488310000.0
2025-10-18,323000000.0,469820000.0
2025-10-19,337000000.0,480450000.0
2025-10-20,338000000.0,475310000.0
2025-10-21,334000000.0,472780000.0
2025-10-22,334000000.0,470460000.0
2025-10-23,336000000.0,471850000.0
2025-10-25,336000000.0,461180000.0
2025-10-26,335000000.0,465430000.0
2025-10-27,331100000.0,456790000.0
2025-10-28,328000000.0,448350000.0
2025-10-29,333800000.0,452970000.0
2025-10-30,333200000.0,449680000.0
2025-11-01,337900000.0,460400000.0
2025-11-02,335400000.0,454690000.0
2025-11-03,335000000.0,454370000.0
2025-11-04,334500000.0,453630000.0
2025-11-05,333000000.0,453590000.0
2025-11-06,336000000.0,454980000.0
2025-11-08,332000000.0,451790000.0
2025-11-09,333900000.0,453430000.0
2025-11-10,336000000.0,457750000.0
2025-11-11,343800000.0,477910000.0
2025-11-12,350600000.0,493690000.0
2025-11-13,364900000.0,500550000.0
2025-11-15,353200000.0,486280000.0
2025-11-17,342100000.0,484380000.0
2025-11-18,344000000.0,481980000.0
2025-11-19,349400000.0,491530000.0
2025-11-20,348200000.0,491580000.0
2025-11-22,342600000.0,481960000.0
2025-11-23,349600000.0,488450000.0
2025-11-25,353500000.0,491970000.0
2025-11-26,355000000.0,498030000.0
2025-11-27,352600000.0,496750000.0
2025-11-29,367900000.0,512580000.0
2025-12-01,373600000.0,529000000.0
2025-12-02,370300000.0,524950000.0
2025-12-03,378000000.0,532550000.0
2025-12-04,376100000.0,530650000.0
2025-12-06,389700000.0,539240000.0
2025-12-07,396400000.0,550500000.0
2025-12-08,403400000.0,550710000.0
2025-12-09,403200000.0,549340000.0
2025-12-10,405700000.0,549370000.0
2025-12-11,417000000.0,555810000.0
2025-12-13,428700000.0,578640000.0
2025-12-15,437700000.0,589120000.0
2025-12-16,435000000.0,586620000.0
2025-12-17,443000000.0,602550000.0
2025-12-18,443200000.0,595380000.0
2025-12-20,435500000.0,597260000.0
2025-12-21,437700000.0,591240000.0
2025-12-22,444200000.0,603850000.0
2025-12-23,465400000.0,620340000.0
2025-12-24,482900000.0,628690000.0
2025-12-25,479700000.0,621860000.0
2025-12-27,513800000.0,664790000.0
2025-12-28,534700000.0,685050000.0
2025-12-29,491500000.0,621950000.0
2025-12-30,501500000.0,639080000.0
2025-12-31,487100000.0,610820000.0
2026-01-01,484300000.0,615120000.0
2026-01-04,500000000.0,637870000.0
2026-01-05,515200000.0,679420000.0
2026-01-07,518800000.0,698650000.0
2026-01-08,510200000.0,684850000.0
2026-01-10,508300000.0,686920000.0
2026-01-11,508300000.0,686940000.0
2026-01-12,508300000.0,686940000.0
2026-01-13,508300000.0,686880000.0
2026-01-14,508300000.0,686870000.0
2026-01-15,508300000.0,686890000.0
2026-01-17,508300000.0,686940000.0
2026-01-18,508300000.0,686850000.0
2026-01-19,508300000.0,686850000.0
2026-01-20,508300000.0,686860000.0
2026-01-21,508300000.0,686850000.0
2026-01-22,508300000.0,686860000.0
2026-01-24,510000000.0,707900000.0
2026-01-25,520000000.0,713990000.0
2026-01-26,535000000.0,746970000.0
2026-01-27,546700000.0,791490000.0
2026-01-28,600000000.0,869950000.0
2026-01-29,617400000.0,892980000.0
2026-01-31,552900000.0,852050000.0
2026-02-01,542800000.0,818020000.0
2026-02-02,519900000.0,764960000.0
2026-02-03,563600000.0,833210000.0
2026-02-05,560000000.0,838490000.0
2026-02-07,520000000.0,784050000.0
2026-02-08,549500000.0,813470000.0
2026-02-09,551800000.0,838640000.0
2026-02-10,568300000.0,864320000.0
2026-02-12,557000000.0,846010000.0
2026-02-14,537100000.0,804970000.0
2026-02-15,556200000.0,830820000.0
2026-02-16,534900000.0,809920000.0
2026-02-17,547300000.0,816350000.0
2026-02-18,550700000.0,841450000.0
2026-02-19,564900000.0,861420000.0
