date,quarter,mesghal,usd,spot
2024-08-03,155000000,155940000,,
2024-08-04,153000000,154210000,,
2024-08-05,154500000,152360000,,
2024-08-06,154500000,154810000,,
2024-08-07,154500000,154230000,,
2024-08-09,152000000,152560000,,
2024-08-10,149500000,150570000,,
2024-08-11,150000000,153460000,,
2024-08-12,148500000,151470000,,
2024-08-13,145000000,150710000,,
2024-08-14,144000000,150190000,,
2024-08-16,144000000,150660000,,
2024-08-18,150000000,154170000,,
2024-08-19,148000000,153230000,,
2024-08-20,149000000,154930000,,
2024-08-21,150000000,155250000,,
2024-08-23,150000000,155390000,,
2024-08-25,151000000,156700000,,
2024-08-26,149500000,155480000,,
2024-08-27,151500000,156530000,,
2024-08-28,154000000,157400000,,
2024-08-30,152500000,157180000,,
2024-08-31,154000000,159160000,,
2024-09-02,153920000,157840000,,
2024-09-04,154000000,157980000,,
2024-09-06,153000000,156060000,,
2024-09-07,153500000,156260000,,
2024-09-08,154000000,157200000,,
2024-09-09,154000000,158270000,,
2024-09-10,156000000,158640000,,
2024-09-13,158500000,160520000,,
2024-09-14,156500000,159880000,,
2024-09-15,157000000,160750000,,
2024-09-16,158000000,161710000,,
2024-09-17,160000000,161610000,,
2024-09-18,159000000,161990000,,
2024-09-21,162500000,164850000,,
2024-09-22,165000000,166790000,,
2024-09-23,170000000,169100000,,
2024-09-24,167500000,167980000,,
2024-09-25,169000000,169170000,,
2024-09-27,176000000,174380000,,
2024-09-28,170000000,172230000,,
2024-09-29,168000000,170640000,,
2024-09-30,171000000,175450000,,
2024-10-01,175000000,176660000,,
2024-10-02,177000000,177790000,,
2024-10-04,177000000,177300000,,
2024-10-05,180000000,179250000,,
2024-10-06,178500000,177610000,,
2024-10-07,175500000,174700000,,
2024-10-08,175000000,176240000,,
2024-10-09,177000000,177310000,,
2024-10-11,174500000,174800000,,
2024-10-12,176500000,176830000,,
2024-10-13,178000000,177870000,,
2024-10-14,176500000,177880000,,
2024-10-15,179500000,180340000,,
2024-10-16,179500000,181070000,,
2024-10-18,191000000,184250000,,
2024-10-19,189000000,185280000,,
2024-10-20,194000000,187300000,,
2024-10-21,187000000,192170000,,
2024-10-22,193000000,197760000,,
2024-10-23,193000000,199150000,,
2024-10-30,178000000,199750000,,
2024-11-01,185000000,201830000,,
2024-11-02,183000000,202750000,,
2024-11-03,173000000,199990000,,
2024-11-04,172000000,199650000,,
2024-11-05,167000000,197780000,,
2024-11-06,163000000,196920000,,
2024-11-08,157000000,196860000,,
2024-11-09,155000000,192500000,,
2024-11-10,145000000,183860000,,
2024-11-11,157000000,187240000,,
2024-11-12,160000000,189550000,,
2024-11-13,159000000,186190000,,
2024-11-15,158000000,186050000,,
2024-11-16,159500000,185770000,,
2024-11-17,160000000,188780000,,
2024-11-18,165500000,192430000,,
2024-11-19,164500000,194660000,,
2024-11-20,167500000,195780000,,
2024-11-22,171500000,201910000,,
2024-11-23,166000000,197790000,,
2024-11-24,166100000,193790000,,
2024-11-25,166100000,193530000,,
2024-11-26,167000000,195390000,,
2024-11-27,167500000,197590000,,
2024-11-29,170000000,198200000,,
2024-11-30,167000000,197730000,,
2024-12-01,168200000,198810000,,
2024-12-02,168500000,200170000,,
2024-12-03,170500000,202980000,,
2024-12-06,168500000,199880000,,
2024-12-07,170500000,201760000,,
2024-12-08,172000000,203240000,,
2024-12-09,173200000,206060000,,
2024-12-10,175200000,210650000,,
2024-12-11,174200000,208740000,,
2024-12-13,174500000,210870000,,
2024-12-14,173200000,210090000,,
2024-12-15,178200000,214110000,,
2024-12-16,178000000,212700000,,
2024-12-17,177900000,215160000,,
2024-12-18,175200000,211010000,,
2024-12-20,174000000,211820000,,
2024-12-21,173000000,212570000,,
2024-12-22,176400000,216100000,,
2024-12-23,178000000,218700000,,
2024-12-24,179000000,219880000,,
2024-12-25,180000000,222730000,,
2024-12-27,185000000,227930000,,
2024-12-28,181000000,223630000,,
2024-12-29,182500000,226530000,,
2024-12-30,180000000,227100000,,
2024-12-31,177800000,226040000,,
2025-01-01,177200000,225160000,,
2025-01-03,174700000,223490000,,
2025-01-04,174000000,221830000,799600,
2025-01-05,174000000,221640000,794200,
2025-01-06,177000000,226310000,798100,
2025-01-07,177000000,228410000,799000,
2025-01-08,177000000,228840000,803300,
2025-01-10,179000000,231840000,818300,
2025-01-11,175000000,228860000,817650,
2025-01-12,176000000,230770000,806400,
2025-01-14,173000000,227760000,813650,
2025-01-15,172000000,226780000,803350,
2025-01-17,172000000,227590000,796100,
2025-01-18,171000000,227370000,806350,
2025-01-19,173000000,228710000,806400,
2025-01-20,177000000,234510000,808800,
2025-01-21,182000000,237490000,823900,
2025-01-22,185000000,239020000,824800,
2025-01-24,184000000,240740000,829400,
2025-01-25,185000000,242930000,835850,
2025-01-26,185000000,242510000,837400,
2025-01-28,181000000,239780000,836400,
2025-01-29,181000000,241840000,832100,
2025-01-31,185000000,245870000,834700,
2025-02-01,185000000,245310000,838950,
2025-02-02,185000000,247080000,840200,
2025-02-03,188000000,250060000,838200,
2025-02-04,195000000,255670000,845500,
2025-02-05,195000000,258380000,851800,
2025-02-07,210000000,274120000,877600,
2025-02-08,221000000,286680000,888400,
2025-02-10,213000000,277030000,916650,
2025-02-11,202000000,276570000,885700,
2025-02-12,208000000,283740000,884200,
2025-02-14,210000000,283470000,903550,
2025-02-15,207000000,282030000,907350,
2025-02-16,205000000,280550000,906900,
2025-02-17,211000000,285080000,908600,
2025-02-18,217000000,292730000,918700,
2025-02-19,224000000,299020000,921350,
2025-02-21,227000000,294220000,930000,
2025-02-22,218000000,292030000,930850,
2025-02-23,218000000,288290000,926150,
2025-02-24,217000000,285040000,913200,
2025-02-25,220000000,291020000,920550,
2025-02-26,219000000,287240000,924150,
2025-02-28,214000000,278840000,922300,
2025-03-01,220000000,282010000,921150,
2025-03-02,218000000,276250000,920400,
2025-03-03,223000000,278930000,907400,
2025-03-04,220000000,276830000,904300,
2025-03-05,220000000,275710000,883850,
2025-03-07,229000000,286560000,896900,
2025-03-08,241000000,291130000,912450,
2025-03-09,243000000,291750000,934650,
2025-03-10,244000000,289130000,924000,
2025-03-11,247000000,291350000,926350,
2025-03-12,259000000,295050000,926650,
2025-03-14,259000000,297610000,918650,
2025-03-15,280000000,319540000,912900,
2025-03-16,297000000,333450000,933550,
2025-03-17,348000000,351340000,973900,
2025-03-24,330000000,343840000,976550,
2025-03-26,339000000,351490000,1018850,
2025-03-28,349000000,358740000,1036950,
2025-04-04,312000000,334470000,1032900,
2025-04-05,322000000,345810000,1028200,
2025-04-06,332000000,338910000,1045350,
2025-04-07,310000000,319340000,1058100,
2025-04-08,310000000,326690000,998800,
2025-04-09,315000000,330810000,999100,
2025-04-11,295000000,319500000,994200,
2025-04-12,270000000,286880000,897950,
2025-04-13,270000000,293250000,850150,
2025-04-14,275000000,292130000,894900,
2025-04-15,275000000,302120000,880200,
2025-04-16,275500000,297510000,880200,
2025-04-18,260000000,283720000,849650,
2025-04-19,260000000,284020000,829100,
2025-04-20,256000000,287330000,831050,
2025-04-21,251000000,284730000,818900,
2025-04-22,247000000,281960000,813150,
2025-04-25,244000000,288540000,795650,
2025-04-26,246000000,289950000,829250,
2025-04-27,246000000,283050000,832650,
2025-04-28,244000000,281120000,808750,
2025-04-29,247000000,281050000,808850,
2025-04-30,246000000,278320000,814000,
2025-05-02,265000000,293550000,850200,
2025-05-03,280000000,294840000,851650,
2025-05-04,277000000,293660000,862400,
2025-05-05,266000000,289750000,842700,
2025-05-06,261000000,288630000,823400,
2025-05-07,263000000,290250000,821200,
2025-05-09,258000000,291020000,819650,
2025-05-10,260000000,287410000,834150,
2025-05-11,253000000,283440000,831000,
2025-05-12,251000000,284780000,835900,
2025-05-13,249000000,280040000,835600,
2025-05-14,250000000,278920000,831650,
2025-05-16,242000000,273210000,829700,
2025-05-17,237000000,269320000,822750,
2025-05-18,234000000,271010000,817400,
2025-05-19,250000000,285490000,817900,
2025-05-20,250000000,280830000,841400,
2025-05-21,249000000,282830000,824600,
2025-05-23,244000000,284610000,832500,
2025-05-24,241000000,283120000,828200,
2025-05-25,241000000,280400000,823950,
2025-05-26,242000000,279810000,822150,
2025-05-27,241000000,279010000,828500,
2025-05-28,239000000,279010000,824450,
2025-05-30,236000000,279280000,827700,
2025-05-31,232000000,277950000,825350,
2025-06-01,239000000,286450000,821250,
2025-06-02,239000000,287110000,825750,
2025-06-06,236000000,278630000,835500,
2025-06-07,238000000,281560000,818500,
2025-06-08,236000000,283730000,823450,
2025-06-09,237000000,279950000,824650,
2025-06-10,239000000,285070000,819400,
2025-06-11,248000000,293460000,829000,
2025-06-25,246000000,290960000,829900,
2025-06-27,246000000,292040000,835900,
2025-06-28,258000000,306120000,846400,
2025-06-29,274000000,318010000,881800,
2025-06-30,261000000,320640000,918450,
2025-07-01,263000000,324540000,917400,
2025-07-02,262000000,322220000,915800,
2025-07-06,253000000,309210000,906500,
2025-07-07,243000000,301050000,883500,
2025-07-08,253000000,304930000,870700,
2025-07-09,253000000,306050000,878500,
2025-07-11,250000000,301650000,880150,
2025-07-12,254000000,310640000,871600,
2025-07-14,247500000,308510000,891000,
2025-07-15,252000000,308740000,886200,
2025-07-16,250000000,306690000,888500,
2025-07-18,246000000,302520000,887000,
2025-07-19,242000000,300730000,874800,
2025-07-20,247000000,306770000,868000,
2025-07-21,246000000,311040000,879400,
2025-07-22,247000000,309040000,882200,
2025-07-23,247000000,307910000,880900,
2025-07-25,245000000,303720000,884000,
2025-07-26,247000000,304430000,880800,
2025-07-27,251000000,308620000,881500,
2025-07-28,249000000,309510000,892350,
2025-07-29,249000000,309700000,892100,
2025-07-30,252000000,312370000,896100,
2025-08-01,263000000,320380000,905400,
2025-08-02,262000000,325410000,912450,
2025-08-03,267000000,332430000,924300,
2025-08-04,264000000,331350000,937500,
2025-08-05,262000000,328940000,933050,
2025-08-06,264000000,328990000,929050,
2025-08-09,255000000,323040000,933250,
2025-08-10,256000000,324540000,917600,
2025-08-11,256000000,324750000,920800,
2025-08-12,254000000,322670000,930500,
2025-08-13,258000000,330170000,924700,
2025-08-16,251000000,320520000,933050,
2025-08-17,253000000,325390000,927300,
2025-08-18,258000000,328620000,934250,
2025-08-19,255000000,329020000,938050,
2025-08-20,258000000,334930000,934400,
2025-08-21,267000000,339830000,939950,
2025-08-23,264000000,336360000,935600,
2025-08-25,267000000,340620000,947700,
2025-08-26,268000000,345110000,959100,
2025-08-27,290000000,359410000,999950,
2025-08-28,288000000,361450000,1000000,
2025-08-30,306000000,372950000,1003700,
2025-08-31,311000000,387310000,1024900,
2025-09-02,300000000,379740000,1055700,
2025-09-03,292000000,379530000,1032700,
2025-09-04,287000000,373120000,1023900,
2025-09-06,289000000,379660000,1012100,
2025-09-07,285000000,381990000,1027100,
2025-09-08,286000000,381430000,1025700,
2025-09-09,286000000,383440000,1005950,
2025-09-11,284000000,374570000,990250,
2025-09-13,266000000,366470000,992000,
2025-09-14,269000000,364910000,978100,
2025-09-15,275000000,375930000,981000,
2025-09-16,278000000,383120000,992000,
2025-09-17,277000000,383050000,996000,
2025-09-18,272000000,378650000,992700,
2025-09-20,311000000,400010000,1006100,
2025-09-21,326000000,419050000,1027100,
2025-09-22,314000000,405380000,1063100,
2025-09-23,320000000,417980000,1041100,
2025-09-24,331000000,430820000,1047200,
2025-09-25,332000000,432120000,1072850,
2025-09-27,348000000,448590000,1084150,
2025-09-28,335000000,440110000,1103100,
2025-09-29,353000000,453140000,1111450,
2025-09-30,346000000,462320000,1120600,
2025-10-01,349000000,472350000,1138700,
2025-10-02,358000000,480050000,1158700,
2025-10-04,344000000,474490000,1170550,
2025-10-05,332000000,459310000,1151300,
2025-10-06,331000000,456120000,1133400,
2025-10-07,339000000,473450000,1110700,
2025-10-08,357000000,492540000,1138300,
2025-10-09,348000000,482590000,1156150,
2025-10-11,334000000,473000000,1124300,
2025-10-12,333000000,469710000,1123850,
2025-10-13,332000000,473640000,1118800,
2025-10-14,322000000,469730000,1105800,
2025-10-15,329000000,483820000,1086700,
2025-10-16,336000000,488310000,1098100,
2025-10-18,323000000,469820000,1100700,
2025-10-19,337000000,480450000,1073050,
2025-10-20,338000000,475310000,1086600,
2025-10-21,334000000,472780000,1063600,
2025-10-22,334000000,470460000,1078200,
2025-10-23,336000000,471850000,1078450,
2025-10-25,336000000,461180000,1071200,
2025-10-26,335000000,465430000,1068850,
2025-10-27,331100000,456790000,1079150,
2025-10-28,328000000,448350000,1078550,
2025-10-29,333800000,452970000,1069050,
2025-10-30,333200000,449680000,1071300,
2025-11-01,337900000,460400000,1073800,
2025-11-02,335400000,454690000,1087200,
2025-11-03,335000000,454370000,1087850,
2025-11-04,334500000,453630000,1079300,
2025-11-05,333000000,453590000,1082100,
2025-11-06,336000000,454980000,1078700,
2025-11-08,332000000,451790000,1079200,
2025-11-09,333900000,453430000,1077450,
2025-11-10,336000000,457750000,1078500,
2025-11-11,343800000,477910000,1076400,
2025-11-12,350600000,493690000,1102100,
2025-11-13,364900000,500550000,1125400,
2025-11-15,353200000,486280000,1121000,
2025-11-17,342100000,484380000,1123200,
2025-11-18,344000000,481980000,1124900,
2025-11-19,349400000,491530000,1126700,
2025-11-20,348200000,491580000,1134750,
2025-11-22,342600000,481960000,1135100,
2025-11-23,349600000,488450000,1127350,
2025-11-25,353500000,491970000,1133150,
2025-11-26,355000000,498030000,1134500,
2025-11-27,352600000,496750000,1136150,
2025-11-29,367900000,512580000,1140000,
2025-12-01,373600000,529000000,1176600,
2025-12-02,370300000,524950000,1191050,
2025-12-03,378000000,532550000,1190450,
2025-12-04,376100000,530650000,1203250,
2025-12-06,389700000,539240000,1197250,
2025-12-07,396400000,550500000,1221250,
2025-12-08,403400000,550710000,1240450,
2025-12-09,403200000,549340000,1259750,
2025-12-10,405700000,549370000,1249800,
2025-12-11,417000000,555810000,1246800,
2025-12-13,428700000,578640000,1276850,
2025-12-15,437700000,589120000,1299700,
2025-12-16,435000000,586620000,1303100,
2025-12-17,443000000,602550000,1300600,
2025-12-18,443200000,595380000,1321900,
2025-12-20,435500000,597260000,1309950,
2025-12-21,437700000,591240000,1320500,
2025-12-22,444200000,603850000,1310250,
2025-12-23,465400000,620340000,1319650,
2025-12-24,482900000,628690000,1346850,
2025-12-25,479700000,621860000,1356000,
2025-12-27,513800000,664790000,1344150,
2025-12-28,534700000,685050000,1394950,
2025-12-29,491500000,621950000,1417500,
2025-12-30,501500000,639080000,1369850,
2025-12-31,487100000,610820000,1397500,
2026-01-01,484300000,615120000,1352050,
2026-01-04,500000000,637870000,1370400,
2026-01-05,515200000,679420000,1377700,
2026-01-07,518800000,698650000,1470300,
2026-01-08,510200000,684850000,1468050,
2026-01-10,508300000,686920000,1455000,
2026-01-11,508300000,686940000,1455050,
2026-01-12,508300000,686940000,1455250,
2026-01-13,508300000,686880000,1455350,
2026-01-14,508300000,686870000,1455350,
2026-01-15,508300000,686890000,1455250,
2026-01-17,508300000,686940000,1455050,
2026-01-18,508300000,686850000,1455200,
2026-01-19,508300000,686850000,1455350,
2026-01-20,508300000,686860000,1455050,
2026-01-21,508300000,686850000,1455000,
2026-01-22,508300000,686860000,1455100,
2026-01-24,510000000,707900000,1455300,
2026-01-25,520000000,713990000,1410100,
2026-01-26,535000000,746970000,1421640,
2026-01-27,546700000,791490000,1465700,
2026-01-28,600000000,869950000,1527400,
2026-01-29,617400000,892980000,1609450,
2026-01-31,552900000,852050000,1599650,
2026-02-01,542800000,818020000,1624300,
2026-02-02,519900000,764960000,1586600,
2026-02-03,563600000,833210000,1544650,
2026-02-05,560000000,838490000,1609350,
2026-02-07,520000000,784050000,1619350,
2026-02-08,549500000,813470000,1554450,
2026-02-09,551800000,838640000,1592600,
2026-02-10,568300000,864320000,1613600,
2026-02-12,557000000,846010000,1624550,
2026-02-14,537100000,804970000,1621350,
2026-02-15,556200000,830820000,1586600,
2026-02-16,534900000,809920000,1598550,
2026-02-17,547300000,816350000,1599900,
2026-02-18,550700000,841450000,1610300,
2026-02-19,564900000,861420000,1627300,
2026-05-05,550000000,830010000,1818900,
2026-05-06,550000000,836950000,1789200,
2026-05-09,550000000,836980000,1779000,
2026-05-10,540000000,830420000,1778800,
2026-05-11,550000000,857970000,1804200,
2026-05-12,560000000,848470000,1813900,
2026-05-13,540000000,848530000,1804100,
2026-05-16,535000000,840720000,1803900,
2026-05-17,540000000,835030000,1799050,
2026-05-18,535000000,822540000,1809200,
2026-05-19,530000000,822020000,1794200,
2026-05-20,535000000,832480000,1784100,
2026-05-21,540000000,829530000,1799150,
2026-05-23,530000000,803950000,1792100,
2026-05-24,515000000,777470000,1767200,
2026-05-25,530000000,790980000,1723950,
2026-05-26,525000000,788960000,1733850,
2026-05-28,525000000,785470000,1723950,
2026-05-30,520000000,778930000,1739800,
2026-05-31,520000000,785460000,1709900,
2026-06-01,545000000,805030000,1715150,
2026-06-02,530000000,790050000,1744950,
2026-06-03,530000000,791730000,1745100,
2026-06-06,525000000,779730000,1735000,
2026-06-07,540000000,793040000,1747950,
2026-06-08,535000000,782460000,1782150,
2026-06-09,520000000,776470000,1769800,
2026-06-10,520000000,776350000,1758050,
2026-06-11,525000000,773970000,1787800,
2026-06-13,498900000,746050000,1810050,
2026-06-14,504900000,742050000,1699900,
2026-06-15,476200000,702970000,1710000,
2026-06-16,441600000,677980000,1604900,
2026-06-17,476600000,701010000,1535050,
2026-06-18,470000000,678460000,1564850,
2026-06-20,487100000,697520000,1614850,
2026-06-21,483500000,700020000,1602950,
2026-06-22,486900000,690320000,1602900,
2026-06-23,494500000,696840000,1579850,
2026-06-27,504500000,707450000,1662850,
2026-06-28,538800000,749020000,1667950,
2026-06-29,512600000,727050000,1734000,
2026-06-30,521600000,732520000,1716950,
2026-07-01,523700000,747530000,1730000,
2026-07-02,528600000,756410000,1749900,
2026-07-05,535000000,768040000,1746100,
2026-07-06,540000000,768290000,1755950,
2026-07-07,535500000,768460000,1757100,
2026-07-08,545000000,774650000,1759850,
2026-07-09,540600000,777020000,1801000,
2026-07-11,521800000,756950000,1825100,
2026-07-12,520000000,764990000,1775000,
2026-07-13,516400000,765960000,1802000,
2026-07-14,533500000,775020000,1813150,
2026-07-15,546600000,795330000,1834800,
2026-07-16,536700000,790320000,1892100,
2026-07-18,546700000,828950000,1912900,
2026-07-19,535000000,812980000,1950000,
2026-07-20,515100000,787740000,1905000,
2026-07-21,525000000,798980000,1878000,
2026-07-22,540000000,823180000,1900850,
2026-07-23,540000000,816830000,1917950,
2026-07-25,530000000,790850000,1911900,
2026-07-26,525000000,774470000,1892000,
2026-07-27,540000000,788820000,1863900,
